{
  "generateBaseHtml": true,
  "dtMode": false,
  "delayShowComplete": true,
  "useBatchProcessing": true,
  "combineJSFiles": false,
  "cssResources": [
    "../../../../../www/css/amx.css"
  ],
  "jsResources": [
    "../../../../../www/js/adf.el.js",
    "../../../../../www/js/amx-resource.js",
    "../../../../../www/js/amx-elDependencies.js",
    "../../../../../www/js/amx-tag.js",
    "../../../../../www/js/amx-tagInstance.js",
    "../../../../../www/js/amx-tagHandler.js",
    "../../../../../www/js/amx-tagHandlers.js",
    "../../../../../www/js/amx-nodeUpdateArguments.js",
    "../../../../../www/js/amx-node.js",
    "../../../../../www/js/AdfAnimationUtils.js",
    "../../../../../www/js/amx-core.js",
    "../../../../../www/js/amx-config.js",
    "../../../../../www/js/amx-collections.js",
    "../../../../../www/js/amx-dataChanges.js",
    "../../../../../www/js/amx-el.js",
    "../../../../../www/js/amx-loading.js",
    "../../../../../www/js/amx-nodeUtils.js",
    "../../../../../www/js/amx-state.js",
    "../../../../../www/js/amx-typeHandler.js",
    "../../../../../www/js/amx-event.js",
    "../../../../../www/js/amx-validation.js",
    "../../../../../www/js/amx-accessoryLayout.js",
    "../../../../../www/js/amx-carousel.js",
    "../../../../../www/js/amx-commonTags.js",
    "../../../../../www/js/amx-converter.js",
    "../../../../../www/js/amx-deck.js",
    "../../../../../www/js/amx-filmStrip.js",
    "../../../../../www/js/amx-flexLayout.js",
    "../../../../../www/js/amx-inputDate.js",
    "../../../../../www/js/amx-inputNumberSlider.js",
    "../../../../../www/js/amx-listView.js",
    "../../../../../www/js/amx-panelSplitter.js",
    "../../../../../www/js/amx-panels.js",
    "../../../../../www/js/amx-popup.js",
    "../../../../../www/js/amx-refreshContainer.js",
    "../../../../../www/js/amx-selects.js",
    "../../../../../www/js/adfc-mobile.js",
    "../../../../../www/js/base-controller.js",
    "../../../../../www/js/Core.js",
    "../../../../../www/js/CoreFormat.js",
    "../../../../../www/js/DateFormat.js",
    "../../../../../www/js/NumberFormat.js",
    "../../../../../www/js/NumberConverter.js"
  ],
  "locale":
    "../../../../../www/js/Locale.js"
}
